,Rank,Title,Genre,Description,Director,Actors,Year,Runtime (Minutes),Rating,Votes,Revenue (Millions),Metascore
7,8,Mindhorn,Comedy,"A has-been actor best known for playing the title character in the 1980s detective series ""Mindhorn"" must work with the police when a serial killer says that he will only speak with Detective Mindhorn, whom he believes to be a real person.",Sean Foley,"Essie Davis, Andrea Riseborough, Julian Barratt,Kenneth Branagh",2016,89,6.4,2490,0.0,71
22,23,Hounds of Love,"Crime,Drama,Horror","A cold-blooded predatory couple while cruising the streets in search of their next victim, will stumble upon a 17-year-old high school girl, who will be sedated, abducted and chained in the strangers' guest room.",Ben Young,"Emma Booth, Ashleigh Cummings, Stephen Curry,Susie Porter",2016,108,6.7,1115,0.0,72
25,26,Paris pieds nus,Comedy,"Fiona visits Paris for the first time to assist her myopic Aunt Martha. Catastrophes ensue, mainly involving Dom, a homeless man who has yet to have an emotion or thought he was afraid of expressing.",Dominique Abel,"Fiona Gordon, Dominique Abel,Emmanuelle Riva, Pierre Richard",2016,83,6.8,222,0.0,61
39,40,5/25/1977,"Comedy,Drama","Alienated, hopeful-filmmaker Pat Johnson's epic story growing up in rural Illinois, falling in love, and becoming the first fan of the movie that changed everything.",Patrick Read Johnson,"John Francis Daley, Austin Pendleton, Colleen Camp, Neil Flynn",2007,113,7.1,241,0.0,71
42,43,Don't Fuck in the Woods,Horror,"A group of friends are going on a camping trip to celebrate graduating college. But once they enter the woods, the proverbial shit starts to hit the fan.",Shawn Burkett,"Brittany Blanton, Ayse Howard, Roman Jossart,Nadia White",2016,73,2.7,496,0.0,64
47,48,Fallen,"Adventure,Drama,Fantasy","A young girl finds herself in a reform school after therapy since she was blamed for the death of a young boy. At the school she finds herself drawn to a fellow student, unaware that he is an angel, and has loved her for thousands of years.",Scott Hicks,"Hermione Corfield, Addison Timlin, Joely Richardson,Jeremy Irvine",2016,91,5.6,5103,0.0,52
49,50,The Last Face,Drama,"A director (Charlize Theron) of an international aid agency in Africa meets a relief aid doctor (Javier Bardem) amidst a political/social revolution, and together face tough choices ... See full summary »",Sean Penn,"Charlize Theron, Javier Bardem, Adèle Exarchopoulos,Jared Harris",2016,130,3.7,987,0.0,16
61,62,The Autopsy of Jane Doe,"Horror,Mystery,Thriller","A father and son, both coroners, are pulled into a complex mystery while attempting to identify the body of a young woman, who was apparently harboring dark secrets.",André Øvredal,"Brian Cox, Emile Hirsch, Ophelia Lovibond, Michael McElhatton",2016,86,6.8,35870,0.0,65
70,71,The Promise,"Drama,History","Set during the last days of the Ottoman Empire, The Promise follows a love triangle between Michael, a brilliant medical student, the beautiful and sophisticated Ana, and Chris - a renowned American journalist based in Paris.",Terry George,"Oscar Isaac, Charlotte Le Bon, Christian Bale, Daniel Giménez Cacho",2016,133,5.9,149791,0.0,49
103,104,Contratiempo,"Crime,Mystery,Thriller",A young businessman faces a lawyer trying to prove his innocence by the assassination of his lover.,Oriol Paulo,"Mario Casas, Ana Wagener, José Coronado, Bárbara Lennie",2016,106,7.9,7204,0.0,51
108,109,All We Had,Drama,A mother struggles to make a better life for her daughter.,Katie Holmes,"Eve Lindley, Richard Kind, Mark Consuelos, Katherine Reis",2016,105,5.8,1004,0.0,48
112,113,The Bad Batch,"Romance,Sci-Fi",A dystopian love story in a Texas wasteland and set in a community of cannibals.,Ana Lily Amirpour,"Keanu Reeves, Jason Momoa, Jim Carrey, Diego Luna",2016,118,6.1,512,0.0,65
123,124,Boyka: Undisputed IV,Action,"In the fourth installment of the fighting franchise, Boyka is shooting for the big leagues when an accidental death in the ring makes him question everything he stands for.",Todor Chapkanov,"Scott Adkins, Teodora Duhovnikova, Alon Aboutboul, Julian Vergov",2016,86,7.4,10428,0.0,52
139,140,Brimstone,"Mystery,Thriller,Western","From the moment the new reverend climbs the pulpit, Liz knows she and her family are in great danger.",Martin Koolhoven,"Dakota Fanning, Guy Pearce, Kit Harington,Carice van Houten",2016,148,7.1,13004,0.0,44
154,155,Twin Peaks: The Missing Pieces,"Drama,Horror,Mystery",Twin Peaks before Twin Peaks (1990) and at the same time not always and entirely in the same place as Twin Peaks: Fire Walk with Me (1992). A feature film which presents deleted scenes from Twin Peaks: Fire Walk with Me (1992) assembled together for the first time in an untold portion of the story's prequel.,David Lynch,"Chris Isaak, Kiefer Sutherland, C.H. Evans, Sandra Kinder",2014,91,8.1,1973,0.0,41
160,161,Mine,"Thriller,War","After a failed assassination attempt, a soldier finds himself stranded in the desert. Exposed to the elements, he must survive the dangers of the desert and battle the psychological and physical tolls of the treacherous conditions.",Fabio Guaglione,"Armie Hammer, Annabelle Wallis,Tom Cullen, Clint Dyer",2016,106,6.0,5926,0.0,40
172,173,Beyond the Gates,"Adventure,Horror",Two estranged brothers reunite at their missing father's video store and find a VCR board game dubbed 'Beyond The Gates' that holds a connection to their father's disappearance.,Jackson Stewart,"Graham Skipper, Chase Williamson, Brea Grant,Barbara Crampton",2016,84,5.2,2127,0.0,59
183,184,Realive,Sci-Fi,"Marc (Tom Hughes) is diagnosed with a disease and is given one year left to live. Unable to accept his own end, he decides to freeze his body. Sixty years later, in the year 2084, he ... See full summary »",Mateo Gil,"Tom Hughes, Charlotte Le Bon, Oona Chaplin, Barry Ward",2016,112,5.9,1176,0.0,64
185,186,Love,"Drama,Romance","Murphy is an American living in Paris who enters a highly sexually and emotionally charged relationship with the unstable Electra. Unaware of the effect it will have on their relationship, they invite their pretty neighbor into their bed.",Gaspar Noé,"Aomi Muyock, Karl Glusman, Klara Kristin, Juan Saavedra",2015,135,6.0,24003,0.0,51
191,192,Below Her Mouth,Drama,An unexpected affair quickly escalates into a heart-stopping reality for two women whose passionate connection changes their lives forever.,April Mullen,"Erika Linder, Natalie Krill, Sebastian Pigott, Mayko Nguyen",2016,94,5.6,1445,0.0,42
196,197,Hacker,"Crime,Drama,Thriller",With the help of his new friends Alex Danyliuk turns to a life of crime and identity theft.,Akan Satayev,"Callan McAuliffe, Lorraine Nicholson, Daniel Eric Gold, Clifton Collins Jr.",2016,95,6.3,3799,0.0,54
209,210,The Girl with All the Gifts,"Drama,Horror,Thriller",A scientist and a teacher living in a dystopian future embark on a journey of survival with a special young girl named Melanie.,Colm McCarthy,"Gemma Arterton, Glenn Close, Dominique Tipper,Paddy Considine",2016,111,6.7,23713,0.0,67
213,214,Old Boy,"Action,Drama,Mystery","Obsessed with vengeance, a man sets out to find out why he was kidnapped and locked into solitary confinement for twenty years without reason.",Spike Lee,"Josh Brolin, Elizabeth Olsen, Samuel L. Jackson, Sharlto Copley",2013,104,5.8,54679,0.0,49
218,219,A Dark Song,"Drama,Horror",A determined young woman and a damaged occultist risk their lives and souls to perform a dangerous ritual that will grant them what they want.,Liam Gavin,"Mark Huberman, Susan Loughnane, Steve Oram,Catherine Walker",2016,100,6.1,1703,0.0,67
229,230,Rupture,"Horror,Sci-Fi,Thriller",A single mom tries to break free from a mysterious organization that has abducted her.,Steven Shainberg,"Noomi Rapace, Michael Chiklis, Kerry Bishé,Peter Stormare",2016,102,4.8,2382,0.0,35
231,232,A Kind of Murder,"Crime,Drama,Thriller","In 1960s New York, Walter Stackhouse is a successful architect married to the beautiful Clara who leads a seemingly perfect life. But his fascination with an unsolved murder leads him into a spiral of chaos as he is forced to play cat-and-mouse with a clever killer and an overambitious detective, while at the same time lusting after another woman.",Andy Goddard,"Patrick Wilson, Jessica Biel, Haley Bennett, Vincent Kartheiser",2016,95,5.2,3305,0.0,50
269,270,Satanic,Horror,"Four friends on their way to Coachella stop off in Los Angeles to tour true-crime occult sites, only to encounter a mysterious young runaway who puts them on a terrifying path to ultimate horror.",Jeffrey G. Hunt,"Sarah Hyland, Steven Krueger, Justin Chon, Clara Mamet",2016,85,3.7,2384,0.0,54
274,275,Ballerina,"Animation,Adventure,Comedy","An orphan girl dreams of becoming a ballerina and flees her rural Brittany for Paris, where she passes for someone else and accedes to the position of pupil at the Grand Opera house.",Eric Summer,"Elle Fanning, Dane DeHaan, Carly Rae Jepsen, Maddie Ziegler",2016,89,6.8,4729,0.0,21
282,283,Death Proof,Thriller,"Two separate sets of voluptuous women are stalked at different times by a scarred stuntman who uses his ""death proof"" cars to execute his murderous plans.",Quentin Tarantino,"Kurt Russell, Zoë Bell, Rosario Dawson, Vanessa Ferlito",2007,113,7.1,220236,0.0,43
289,290,Iris,Thriller,"Iris, young wife of a businessman, disappears in Paris. Maybe a mechanic with many debts is involved in the strange affair. A really complicated job for the police.",Jalil Lespert,"Romain Duris, Charlotte Le Bon, Jalil Lespert, Camille Cottin",2016,99,6.1,726,0.0,61
293,294,The Exception,Drama,"A German soldier tries to determine if the Dutch resistance has planted a spy to infiltrate the home of Kaiser Wilhelm in Holland during the onset of World War II, but falls for a young Jewish Dutch woman during his investigation.",David Leveaux,"Lily James, Jai Courtney, Christopher Plummer, Loïs van Wijk",2016,107,7.7,96,0.0,52
307,308,Vincent N Roxxy,"Crime,Drama,Thriller",A small town loner and a rebellious punk rocker unexpectedly fall in love as they are forced on the run and soon discover violence follows them everywhere.,Gary Michael Schultz,"Emile Hirsch, Zoë Kravitz, Zoey Deutch,Emory Cohen",2016,110,5.5,403,0.0,43
317,318,The Stakelander,"Action,Horror","When his home of New Eden is destroyed by a revitalized Brotherhood and its new Vamp leader, Martin finds himself alone in the badlands of America with only the distant memory of his mentor and legendary vampire hunter, Mister, to guide him.",Dan Berk,"Connor Paolo, Nick Damici, Laura Abramsen, A.C. Peterson",2016,81,5.3,1263,0.0,51
335,336,Before I Wake,"Drama,Fantasy,Horror",A young couple adopt an orphaned child whose dreams - and nightmares - manifest physically as he sleeps.,Mike Flanagan,"Kate Bosworth, Thomas Jane, Jacob Tremblay,Annabeth Gish",2016,97,6.1,18201,0.0,68
337,338,Tracktown,"Drama,Sport","A young, talented, and lonely long-distance runner twists her ankle as she prepares for the Olympic Trials and must do something she's never done before: take a day off.",Alexi Pappas,"Alexi Pappas, Chase Offerle, Rachel Dratch, Andy Buckley",2016,88,5.9,115,0.0,64
350,351,Lady Macbeth,Drama,"Set in 19th century rural England, young bride who has been sold into marriage to a middle-aged man discovers an unstoppable desire within herself as she enters into an affair with a work on her estate.",William Oldroyd,"Florence Pugh, Christopher Fairbank, Cosmo Jarvis, Naomi Ackie",2016,89,7.3,1396,0.0,83
356,357,Demain tout commence,"Comedy,Drama",Samuel parties hard in the Marseille area of France and is awoken one morning by a woman carrying a baby she claims is his. She drives off leaving him with a wailing infant; he gives chase ... See full summary »,Hugo Gélin,"Omar Sy, Clémence Poésy, Antoine Bertrand, Ashley Walters",2016,118,7.4,5496,0.0,52
367,368,American Wrestler: The Wizard,"Drama,Sport","In 1980, a teenage boy escapes the unrest in Iran only to face more hostility in America, due to the hostage crisis. Determined to fit in, he joins the school's floundering wrestling team.",Alex Ranarivelo,"William Fichtner, Jon Voight, Lia Marie Johnson,Gabriel Basso",2016,117,6.9,286,0.0,52
382,383,Hush,"Horror,Thriller",A deaf writer who retreated into the woods to live a solitary life must fight for her life in silence when a masked killer appears at her window.,Mike Flanagan,"John Gallagher Jr., Kate Siegel, Michael Trucco,Samantha Sloyan",2016,81,6.6,45867,0.0,67
393,394,Whisky Galore,"Comedy,Romance",Scottish islanders try to plunder cases of whisky from a stranded ship.,Gillies MacKinnon,"Tim Pigott-Smith, Naomi Battrick, Ellie Kendrick,James Cosmo",2016,98,5.0,102,0.0,43
398,399,Absolutely Anything,"Comedy,Sci-Fi","A group of eccentric aliens confer a human being with the power to do absolutely anything, as an experiment.",Terry Jones,"Simon Pegg, Kate Beckinsale, Sanjeev Bhaskar, Rob Riggle",2015,85,6.0,26587,0.0,31
401,402,The Black Room,Horror,PAUL and JENNIFER HEMDALE have just moved into their dream house. But their happy marriage is about to be put to the test as they slowly discover the secret behind the black room in the ... See full summary »,Rolfe Kanefsky,"Natasha Henstridge, Lukas Hassel, Lin Shaye,Dominique Swain",2016,91,3.9,240,0.0,71
413,414,Elle,"Crime,Drama,Thriller",A successful businesswoman gets caught up in a game of cat and mouse as she tracks down the unknown man who raped her.,Paul Verhoeven,"Isabelle Huppert, Laurent Lafitte, Anne Consigny,Charles Berling",2016,130,7.2,35417,0.0,89
416,417,The Headhunter's Calling,Drama,"A headhunter whose life revolves around closing deals in a a survival-of-the-fittest boiler room, battles his top rival for control of their job placement company -- his dream of owning the company clashing with the needs of his family.",Mark Williams,"Alison Brie, Gerard Butler, Willem Dafoe, Gretchen Mol",2016,108,6.9,164,0.0,85
428,429,Srpski film,"Horror,Mystery,Thriller","An aging porn star agrees to participate in an ""art film"" in order to make a clean break from the business, only to discover that he has been drafted into making a pedophilia and necrophilia themed snuff film.",Srdjan Spasojevic,"Srdjan 'Zika' Todorovic, Sergej Trifunovic,Jelena Gavrilovic, Slobodan Bestic",2010,104,5.2,43648,0.0,55
434,435,Let Me Make You a Martyr,"Action,Crime,Drama","A cerebral revenge film about two adopted siblings who fall in love, and hatch a plan to kill their abusive father.",Corey Asraf,"Marilyn Manson, Mark Boone Junior, Sam Quartin, Niko Nicotera",2016,102,6.4,223,0.0,56
439,440,Folk Hero & Funny Guy,Comedy,A successful singer-songwriter hatches a plan to help his friend's struggling comedy career and broken love life by hiring him as his opening act on his solo tour.,Jeff Grace,"Alex Karpovsky, Wyatt Russell, Meredith Hagner,Melanie Lynskey",2016,88,5.6,220,0.0,63
444,445,The Thinning,Thriller,"""The Thinning"" takes place in a post-apocalyptic future where population control is dictated by a high-school aptitude test. When two students (Logan Paul and Peyton List) discover the test... See full summary »",Michael J. Gallagher,"Logan Paul, Peyton List, Lia Marie Johnson,Calum Worthy",2016,81,6.0,4531,0.0,31
463,464,Predestination,"Drama,Mystery,Sci-Fi","For his final assignment, a top temporal agent must pursue the one criminal that has eluded him throughout time. The chase turns into a unique, surprising and mind-bending exploration of love, fate, identity and time travel taboos.",Michael Spierig,"Ethan Hawke, Sarah Snook, Noah Taylor, Madeleine West",2014,97,7.5,187760,0.0,69
477,478,Pet,"Horror,Thriller","A psychological thriller about a man who bumps into an old crush and subsequently becomes obsessed with her, leading him to hold her captive underneath the animal shelter where he works. ... See full summary »",Carles Torrens,"Dominic Monaghan, Ksenia Solo, Jennette McCurdy,Da'Vone McDonald",2016,94,5.7,8404,0.0,48
478,479,Paint It Black,Drama,A young woman attempts to deal with the death of her boyfriend while continuously confronted by his mentally unstable mother.,Amber Tamblyn,"Alia Shawkat, Nancy Kwan, Annabelle Attanasio,Alfred Molina",2016,96,8.3,61,0.0,71
479,480,Macbeth,"Drama,War","Macbeth, the Thane of Glamis, receives a prophecy from a trio of witches that one day he will become King of Scotland. Consumed by ambition and spurred to action by his wife, Macbeth murders his king and takes the throne for himself.",Justin Kurzel,"Michael Fassbender, Marion Cotillard, Jack Madigan,Frank Madigan",2015,113,6.7,41642,0.0,71
483,484,Perfetti sconosciuti,"Comedy,Drama","Seven long-time friends get together for a dinner. When they decide to share with each other the content of every text message, email and phone call they receive, many secrets start to unveil and the equilibrium trembles.",Paolo Genovese,"Giuseppe Battiston, Anna Foglietta, Marco Giallini,Edoardo Leo",2016,97,7.7,17584,0.0,43
502,503,Imperium,"Crime,Drama,Thriller","A young FBI agent, eager to prove himself in the field, goes undercover as a white supremacist.",Daniel Ragussis,"Daniel Radcliffe, Toni Collette, Tracy Letts, Sam Trammell",2016,109,6.5,27428,0.0,68
504,505,Mr. Nobody,"Drama,Fantasy,Romance","A boy stands on a station platform as a train is about to leave. Should he go with his mother or stay with his father? Infinite possibilities arise from this decision. As long as he doesn't choose, anything is possible.",Jaco Van Dormael,"Jared Leto, Sarah Polley, Diane Kruger, Linh Dan Pham",2009,141,7.9,166872,0.0,63
505,506,City of Tiny Lights,"Crime,Drama,Thriller","In the teeming, multicultural metropolis of modern-day London, a seemingly straightforward missing-person case launches a down-at-heel private eye into a dangerous world of religious fanaticism and political intrigue.",Pete Travis,"Riz Ahmed, Billie Piper, James Floyd, Cush Jumbo",2016,110,5.7,291,0.0,54
514,515,Magic Mike XXL,"Comedy,Drama,Music","Three years after Mike bowed out of the stripper life at the top of his game, he and the remaining Kings of Tampa hit the road to Myrtle Beach to put on one last blow-out performance.",Gregory Jacobs,"Channing Tatum, Joe Manganiello, Matt Bomer,Adam Rodriguez",2015,115,5.7,42506,0.0,60
523,524,Whiskey Tango Foxtrot,"Biography,Comedy,Drama",A journalist recounts her wartime coverage in Afghanistan.,Glenn Ficarra,"Tina Fey, Margot Robbie, Martin Freeman, Alfred Molina",2016,112,6.6,36156,0.0,57
526,527,Elysium,"Action,Drama,Sci-Fi","In the year 2154, the very wealthy live on a man-made space station while the rest of the population resides on a ruined Earth. A man takes on a mission that could bring equality to the polarized worlds.",Neill Blomkamp,"Matt Damon, Jodie Foster, Sharlto Copley, Alice Braga",2013,109,6.6,358932,0.0,61
532,533,Deja Vu,"Action,Sci-Fi,Thriller","After a ferry is bombed in New Orleans, an A.T.F. agent joins a unique investigation using experimental surveillance technology to find the bomber, but soon finds himself becoming obsessed with one of the victims.",Tony Scott,"Denzel Washington, Paula Patton, Jim Caviezel, Val Kilmer",2006,126,7.0,253858,0.0,59
538,539,True Crimes,"Crime,Drama,Thriller","A murder investigation of a slain business man turns to clues found in an author's book about an eerily similar crime. Based on the 2008 article ""True Crimes - A postmodern murder mystery"" by David Grann.",Alexandros Avranas,"Jim Carrey, Charlotte Gainsbourg, Marton Csokas, Kati Outinen",2016,92,7.3,198,0.0,43
539,540,American Pastoral,"Crime,Drama",An All-American college star and his beauty queen wife watch their seemingly perfect life fall apart as their daughter joins the turmoil of '60s America.,Ewan McGregor,"Ewan McGregor, Jennifer Connelly, Dakota Fanning, Peter Riegert",2016,108,6.1,7115,0.0,43
542,543,Spectral,"Action,Mystery,Sci-Fi",A sci-fi/thriller story centered on a special-ops team that is dispatched to fight supernatural beings.,Nic Mathieu,"James Badge Dale, Emily Mortimer, Bruce Greenwood,Max Martini",2016,107,6.3,27042,0.0,39
544,545,Zipper,"Drama,Thriller",A successful family man with a blossoming political career loses all sense of morality when he becomes addicted to using an escort agency.,Mora Stephens,"Patrick Wilson, Lena Headey, Ray Winstone,Richard Dreyfuss",2015,103,5.7,4912,0.0,39
549,550,"I, Daniel Blake",Drama,"After having suffered a heart-attack, a 59-year-old carpenter must fight the bureaucratic forces of the system in order to receive Employment and Support Allowance.",Ken Loach,"Dave Johns, Hayley Squires, Sharon Percy, Briana Shann",2016,100,7.9,22941,0.0,77
553,554,The Survivalist,"Drama,Sci-Fi,Thriller","In a time of starvation, a survivalist lives off a small plot of land hidden deep in forest. When two women seeking food and shelter discover his farm, he finds his existence threatened.",Stephen Fingleton,"Mia Goth, Martin McCann, Barry Ward, Andrew Simpson",2015,104,6.3,9187,0.0,80
554,555,Colonia,"Drama,Romance,Thriller","A young woman's desperate search for her abducted boyfriend that draws her into the infamous Colonia Dignidad, a sect nobody has ever escaped from.",Florian Gallenberger,"Emma Watson, Daniel Brühl, Michael Nyqvist,Richenda Carey",2015,106,7.1,30074,0.0,33
581,582,The Last Airbender,"Action,Adventure,Family","Follows the adventures of Aang, a young successor to a long line of Avatars, who must master all four elements and stop the Fire Nation from enslaving the Water Tribes and the Earth Kingdom.",M. Night Shyamalan,"Noah Ringer, Nicola Peltz, Jackson Rathbone,Dev Patel",2010,103,4.2,125129,0.0,20
602,603,He's Just Not That Into You,"Comedy,Drama,Romance",The Baltimore-set movie of interconnecting story arcs deals with the challenges of reading or misreading human behavior.,Ken Kwapis,"Jennifer Aniston, Jennifer Connelly, Morgan Lily,Trenton Rogers",2009,129,6.4,137684,0.0,47
605,606,Handsome Devil,Drama,Ned and Conor are forced to share a bedroom at their boarding school. The loner and the star athlete at this rugby-mad school form an unlikely friendship until it's tested by the authorities.,John Butler,"Fionn O'Shea, Nicholas Galitzine, Andrew Scott, Moe Dunford",2016,95,7.4,338,0.0,60
606,607,Winter's Bone,Drama,An unflinching Ozark Mountain girl hacks through dangerous social terrain as she hunts down her drug-dealing father while trying to keep her family intact.,Debra Granik,"Jennifer Lawrence, John Hawkes, Garret Dillahunt,Isaiah Stone",2010,100,7.2,116435,0.0,90
617,618,Free State of Jones,"Action,Biography,Drama","A disillusioned Confederate army deserter returns to Mississippi and leads a militia of fellow deserters, runaway slaves, and women in an uprising against the corrupt local Confederate government.",Gary Ross,"Matthew McConaughey, Gugu Mbatha-Raw, Mahershala Ali, Keri Russell",2016,139,6.9,29895,0.0,53
627,628,The Escort,"Comedy,Drama,Romance","Desperate for a good story, a sex-addicted journalist throws himself into the world of high-class escorts when he starts following a Stanford-educated prostitute.",Will Slocombe,"Lyndsy Fonseca, Michael Doneger, Tommy Dewey,Bruce Campbell",2016,88,6.0,7181,0.0,46
628,629,The Whole Truth,"Crime,Drama,Mystery",A defense attorney works to get his teenage client acquitted of murdering his wealthy father.,Courtney Hunt,"Keanu Reeves, Renée Zellweger, Gugu Mbatha-Raw, Gabriel Basso",2016,93,6.1,10700,0.0,46
633,634,Megan Is Missing,"Drama,Horror,Thriller",Two teenage girls encounter an Internet child predator.,Michael Goi,"Amber Perkins, Rachel Quinn, Dean Waite, Jael Elizabeth Steinmeyer",2011,85,4.9,6683,0.0,94
642,643,The Ridiculous 6,"Comedy,Western","An outlaw who was raised by Native Americans discovers that he has five half-brothers; together the men go on a mission to find their wayward, deadbeat dad.",Frank Coraci,"Adam Sandler, Terry Crews, Jorge Garcia, Taylor Lautner",2015,119,4.8,31149,0.0,18
644,645,Viral,"Drama,Horror,Sci-Fi","Following the outbreak of a virus that wipes out the majority of the human population, a young woman documents her family's new life in quarantine and tries to protect her infected sister.",Henry Joost,"Sofia Black-D'Elia, Analeigh Tipton,Travis Tope, Michael Kelly",2016,85,5.5,3564,0.0,72
647,648,Tall Men,"Fantasy,Horror,Thriller",A challenged man is stalked by tall phantoms in business suits after he purchases a car with a mysterious black credit card.,Jonathan Holbrook,"Dan Crisafulli, Kay Whitney, Richard Garcia, Pat Cashman",2016,133,3.2,173,0.0,57
651,652,Solace,"Crime,Drama,Mystery",A psychic works with the FBI in order to hunt down a serial killer.,Afonso Poyart,"Anthony Hopkins, Jeffrey Dean Morgan, Abbie Cornish, Colin Farrell",2015,101,6.4,36300,0.0,36
654,655,The Levelling,Drama,"Somerset, October 2014. When Clover Catto (Ellie Kendrick) receives a call telling her that her younger brother Harry (Joe Blakemore) is dead, she must return to her family farm and face ... See full summary »",Hope Dickson Leach,"Ellie Kendrick, David Troughton, Jack Holden,Joe Blakemore",2016,83,6.4,482,0.0,82
670,671,Devil's Knot,"Biography,Crime,Drama",The savage murders of three young children sparks a controversial trial of three teenagers accused of killing the kids as part of a satanic ritual.,Atom Egoyan,"Colin Firth, Reese Witherspoon, Alessandro Nivola,James Hamrick",2013,114,6.1,15514,0.0,42
674,675,War on Everyone,"Action,Comedy","Two corrupt cops set out to blackmail and frame every criminal unfortunate enough to cross their path. Events, however, are complicated by the arrival of someone who appears to be even more dangerous than they are.",John Michael McDonagh,"Alexander Skarsgård, Michael Peña, Theo James, Tessa Thompson",2016,98,5.9,9285,0.0,50
695,696,Hachi: A Dog's Tale,"Drama,Family",A college professor's bond with the abandoned dog he takes into his home.,Lasse Hallström,"Richard Gere, Joan Allen, Cary-Hiroyuki Tagawa,Sarah Roemer",2009,93,8.1,177602,0.0,61
699,700,The Matchbreaker,"Comedy,Romance","When an idealistic romantic gets fired from his day job, he is offered a ""one-time gig"" to break up a girl's relationship for her disapproving parents. This ""one-time"" gig spreads through ... See full summary »",Caleb Vetter,"Wesley Elder, Christina Grimmie, Osric Chau, Olan Rogers",2016,94,5.5,1427,0.0,44
705,706,The Neighbor,"Crime,Horror,Thriller","Set in Cutter Mississippi, the film follows a man who discovers the dark truth about his neighbor and the secrets he may be keeping in the cellar.",Marcus Dunstan,"Josh Stewart, Bill Engvall, Alex Essoe, Ronnie Gene Blevins",2016,87,5.8,4754,0.0,60
732,733,This Beautiful Fantastic,"Comedy,Drama,Fantasy","A young woman who dreams of being a children's author makes an unlikely friendship with a cantankerous, rich old widower.",Simon Aboud,"Jessica Brown Findlay, Andrew Scott, Jeremy Irvine,Tom Wilkinson",2016,100,6.9,688,0.0,51
746,747,Only for One Night,Thriller,A married womans husband with a perfect life cheats with her sister with extreme consequences befalling them all.,Chris Stokes,"Brian White, Karrueche Tran, Angelique Pereira,Jessica Vanessa DeLeon",2016,86,4.6,313,0.0,60
754,755,the devil's mistress,"Biography,Drama,History",A film about the black-and-white era actress Lída Baarová and her doomed love affair.,Filip Renc,"Tatiana Pauhofová, Karl Markovics, Gedeon Burkhard,Simona Stasová",2016,106,5.0,353,0.0,64
756,757,Lavender,"Drama,Thriller","After losing her memory, a woman begins to see unexplained things after her psychiatrist suggests she visit her childhood home.",Ed Gass-Donnelly,"Abbie Cornish, Dermot Mulroney, Justin Long,Diego Klattenhoff",2016,92,5.2,2083,0.0,46
757,758,Deuces,Drama,An agent infiltrates a crime ring ran by a charismatic boss.,Jamal Hill,"Larenz Tate, Meagan Good, Rotimi, Rick Gonzalez",2016,87,6.6,256,0.0,36
771,772,The Assignment,"Action,Crime,Thriller","After waking up and discovering that he has undergone gender reassignment surgery, an assassin seeks to find the doctor responsible.",Walter Hill,"Sigourney Weaver, Michelle Rodriguez, Tony Shalhoub,Anthony LaPaglia",2016,95,4.5,2043,0.0,34
777,778,Final Girl,"Action,Thriller",A man teaches a young woman how to become a complete weapon. Later she is approached by a group of sadistic teens who kill blonde women for unknown reasons. The hunting season begins.,Tyler Shields,"Abigail Breslin, Wes Bentley, Logan Huffman,Alexander Ludwig",2015,90,4.7,9026,0.0,56
778,779,Chalk It Up,Comedy,"When a super girly-girl is dumped by her boyfriend; she decides to do everything she can to get him back by building a college gymnastics team, quickly learning that she is capable of a lot more than just getting an MRS degree.",Hisonni Johnson,"Maddy Curley, John DeLuca, Nikki SooHoo, Drew Seeley",2016,90,4.8,499,0.0,50
783,784,Tramps,"Comedy,Romance",A young man and woman find love in an unlikely place while carrying out a shady deal.,Adam Leon,"Callum Turner, Grace Van Patten, Michal Vondel, Mike Birbiglia",2016,82,6.5,1031,0.0,77
786,787,The Secret Scripture,Drama,A woman keeps a diary of her extended stay at a mental hospital.,Jim Sheridan,"Rooney Mara, Eric Bana, Theo James, Aidan Turner",2016,108,6.8,378,0.0,37
800,801,Yoga Hosers,"Comedy,Fantasy,Horror",Two teenage yoga enthusiasts team up with a legendary man-hunter to battle with an ancient evil presence that is threatening their major party plans.,Kevin Smith,"Lily-Rose Depp, Harley Quinn Smith, Johnny Depp,Adam Brody",2016,88,4.3,7091,0.0,23
809,810,USS Indianapolis: Men of Courage,"Action,Drama,History","During World War II, an American navy ship is sunk by a Japanese submarine leaving 300 crewmen stranded in shark infested waters.",Mario Van Peebles,"Nicolas Cage, Tom Sizemore, Thomas Jane,Matt Lanter",2016,128,5.2,4964,0.0,30
816,817,I.T.,"Crime,Drama,Mystery","A self-proclaimed millionaire, has his life turned upside down after firing his I.T. consultant.",John Moore,"Pierce Brosnan, Jason Barry, Karen Moskow, Kai Ryssdal",2016,95,5.4,8755,0.0,27
819,820,Wolves at the Door,"Horror,Thriller","Four friends gather at an elegant home during the Summer of Love, 1969. Unbeknownst to them, deadly visitors are waiting outside. What begins as a simple farewell party turns to a night of ... See full summary »",John R. Leonetti,"Katie Cassidy, Elizabeth Henstridge, Adam Campbell, Miles Fisher",2016,73,4.6,564,0.0,63
820,821,suite francaise,"Drama,Romance,War","During the early years of Nazi occupation of France in World War II, romance blooms between Lucile Angellier (Michelle Williams), a French villager, and Bruno von Falk (Matthias Schoenaerts), a German soldier.",Saul Dibb,"Michelle Williams, Kristin Scott Thomas, Margot Robbie,Eric Godon",2014,107,6.9,13711,0.0,63
824,825,Man Down,"Drama,Thriller","In a post-apocalyptic America, former U.S. Marine Gabriel Drummer searches desperately for the whereabouts of his son, accompanied by his best friend and a survivor.",Dito Montiel,"Shia LaBeouf, Jai Courtney, Gary Oldman, Kate Mara",2015,90,5.8,4779,0.0,27
825,826,Crawlspace,"Horror,Thriller",A thriller centered around a widower who moves into a seemingly perfect new home with his daughter and new wife.,Phil Claydon,"Michael Vartan, Erin Moriarty, Nadine Velazquez,Ronnie Gene Blevins",2016,88,5.3,1427,0.0,25
827,828,The Warriors Gate,"Action,Adventure,Fantasy",A teenager is magically transported to China and learns to convert his video game skills into those of a Kung Fu warrior.,Matthias Hoene,"Mark Chao, Ni Ni, Dave Bautista, Sienna Guillory",2016,108,5.3,1391,0.0,77
838,839,Exposed,"Crime,Drama,Mystery",A police detective investigates the truth behind his partner's death. The mysterious case reveals disturbing police corruption and a dangerous secret involving an unlikely young woman.,Gee Malik Linton,"Ana de Armas, Keanu Reeves, Christopher McDonald, Mira Sorvino",2016,102,4.2,8409,0.0,23
839,840,Maudie,"Biography,Drama,Romance",An arthritic Nova Scotia woman works as a housekeeper while she hones her skills as an artist and eventually becomes a beloved figure in the community.,Aisling Walsh,"Ethan Hawke, Sally Hawkins, Kari Matchett, Zachary Bennett",2016,115,7.8,346,0.0,60
848,849,Mean Dreams,Thriller,"Follows Casey and Jonas, two teenagers desperate to escape their broken and abusive homes and examines the desperation of life on the run and the beauty of first love.",Nathan Morlando,"Sophie Nélisse, Josh Wiggins, Joe Cobden, Bill Paxton",2016,108,6.3,1066,0.0,64
861,862,Koe no katachi,"Animation,Drama,Romance","The story revolves around Nishimiya Shoko, a grade school student who has impaired hearing. She transfers into a new school, where she is bullied by her classmates, especially Ishida Shouya... See full summary »",Naoko Yamada,"Miyu Irino, Saori Hayami, Aoi Yuki, Kenshô Ono",2016,129,8.4,2421,0.0,80
864,865,The 9th Life of Louis Drax,"Mystery,Thriller",A psychologist who begins working with a young boy who has suffered a near-fatal fall finds himself drawn into a mystery that tests the boundaries of fantasy and reality.,Alexandre Aja,"Jamie Dornan, Aiden Longworth, Sarah Gadon,Aaron Paul",2016,108,6.3,6175,0.0,41
890,891,The Intent,"Crime,Drama","Gunz (Dylan Duffus) is thrust into a world of excitement when he joins the TIC crew. The crew, led by the ruthless Hoodz (Scorcher), goes from low level weed peddling to full on armed ... See full summary »",Femi Oyeniran,"Dylan Duffus, Scorcher,Shone Romulus, Jade Asha",2016,104,3.5,202,0.0,59
895,896,Planet Terror,"Action,Comedy,Horror","After an experimental bio-weapon is released, turning thousands into zombie-like creatures, it's up to a rag-tag group of survivors to stop the infected and those behind its release.",Robert Rodriguez,"Rose McGowan, Freddy Rodríguez, Josh Brolin,Marley Shelton",2007,105,7.1,174553,0.0,55
905,906,In Dubious Battle,Drama,An activist gets caught up in the labor movement for farm workers in California during the 1930s.,James Franco,"Nat Wolff, James Franco, Vincent D'Onofrio, Selena Gomez",2016,110,6.2,1455,0.0,43
911,912,I Am the Pretty Thing That Lives in the House,Thriller,A young nurse takes care of elderly author who lives in a haunted house.,Oz Perkins,"Ruth Wilson, Paula Prentiss, Lucy Boynton, Bob Balaban",2016,87,4.7,4204,0.0,68
917,918,The Girl Next Door,"Crime,Drama,Horror","Based on the Jack Ketchum novel of the same name, The Girl Next Door follows the unspeakable torture and abuses committed on a teenage girl in the care of her aunt...and the boys who witness and fail to report the crime.",Gregory Wilson,"William Atherton, Blythe Auffarth, Blanche Baker,Kevin Chamberlin",2007,91,6.7,19351,0.0,29
928,929,Good Kids,Comedy,Four high school students look to redefine themselves after graduation.,Chris McCoy,"Zoey Deutch, Nicholas Braun, Mateo Arias, Israel Broussard",2016,86,6.1,3843,0.0,86
932,933,The Ticket,Drama,A blind man who regains his vision finds himself becoming metaphorically blinded by his obsession for the superficial.,Ido Fluk,"Dan Stevens, Malin Akerman, Oliver Platt, Kerry Bishé",2016,97,5.4,924,0.0,52
933,934,Detour,Thriller,"A young law student blindly enters into a pact with a man who offers to kill his stepfather, whom he feels is responsible for the accident that sent his mother into a coma.",Christopher Smith,"Tye Sheridan, Emory Cohen, Bel Powley,Stephen Moyer",2016,97,6.3,2205,0.0,46
938,939,The Siege of Jadotville,"Action,Drama,Thriller",Irish Commandant Pat Quinlan leads a stand off with troops against French and Belgian Mercenaries in the Congo during the early 1960s.,Richie Smyth,"Jamie Dornan, Mark Strong, Jason O'Mara, Michael McElhatton",2016,108,7.3,14689,0.0,83
942,943,Transpecos,Thriller,"For three Border Patrol agents working a remote desert checkpoint, the contents of one car will reveal an insidious plot within their own ranks. The next 24 hours will take them on a treacherous journey that could cost them their lives.",Greg Kwedar,"Johnny Simmons, Gabriel Luna, Clifton Collins Jr.,David Acord",2016,86,5.8,1292,0.0,73
945,946,Triangle,"Fantasy,Mystery,Thriller","The story revolves around the passengers of a yachting trip in the Atlantic Ocean who, when struck by mysterious weather conditions, jump to another ship only to experience greater havoc on the open seas.",Christopher Smith,"Melissa George, Joshua McIvor, Jack Taylor,Michael Dorman",2009,99,6.9,72533,0.0,66
964,965,Custody,Drama,The lives of three women are unexpectedly changed when they cross paths at a New York Family Court.,James Lapine,"Viola Davis, Hayden Panettiere, Catalina Sandino Moreno, Ellen Burstyn",2016,104,6.9,280,0.0,72
965,966,Inland Empire,"Drama,Mystery,Thriller","As an actress starts to adopt the persona of her character in a film, her world starts to become nightmarish and surreal.",David Lynch,"Laura Dern, Jeremy Irons, Justin Theroux, Karolina Gruszka",2006,180,7.0,44227,0.0,72
966,967,The Odyssey,"Adventure,Biography","Highly influential and a fearlessly ambitious pioneer, innovator, filmmaker, researcher and conservationist, Jacques-Yves Cousteau's aquatic adventure covers roughly thirty years of an inarguably rich in achievements life.",Jérôme Salle,"Lambert Wilson, Pierre Niney, Audrey Tautou,Laurent Lucas",2016,122,6.7,1810,0.0,70
968,969,Wrecker,"Action,Horror,Thriller","Best friends Emily and Lesley go on a road trip to the desert. When Emily decides to get off the highway and take a ""short cut,"" they become the target of a relentless and psychotic trucker... See full summary »",Micheal Bafaro,"Anna Hutchison, Andrea Whitburn, Jennifer Koenig,Michael Dickson",2015,83,3.5,1210,0.0,37
976,977,Dark Places,"Drama,Mystery,Thriller","Libby Day was only eight years old when her family was brutally murdered in their rural Kansas farmhouse. Almost thirty years later, she reluctantly agrees to revisit the crime and uncovers the wrenching truths that led up to that tragic night.",Gilles Paquet-Brenner,"Charlize Theron, Nicholas Hoult, Christina Hendricks, Chloë Grace Moretz",2015,113,6.2,31634,0.0,39
977,978,Amateur Night,Comedy,"Guy Carter is an award-winning graduate student of architecture. He's got a beautiful wife and a baby on the way. The problem? He doesn't have ""his ducks in a row,"" which only fuels his ... See full summary »",Lisa Addario,"Jason Biggs, Janet Montgomery,Ashley Tisdale, Bria L. Murphy",2016,92,5.0,2229,0.0,38
978,979,It's Only the End of the World,Drama,"Louis (Gaspard Ulliel), a terminally ill writer, returns home after a long absence to tell his family that he is dying.",Xavier Dolan,"Nathalie Baye, Vincent Cassel, Marion Cotillard, Léa Seydoux",2016,97,7.0,10658,0.0,48
988,989,Martyrs,Horror,"A young woman's quest for revenge against the people who kidnapped and tormented her as a child leads her and a friend, who is also a victim of child abuse, on a terrifying journey into a living hell of depravity.",Pascal Laugier,"Morjana Alaoui, Mylène Jampanoï, Catherine Bégin,Robert Toupin",2008,99,7.1,63785,0.0,89
995,996,Secret in Their Eyes,"Crime,Drama,Mystery","A tight-knit team of rising investigators, along with their supervisor, is suddenly torn apart when they discover that one of their own teenage daughters has been brutally murdered.",Billy Ray,"Chiwetel Ejiofor, Nicole Kidman, Julia Roberts, Dean Norris",2015,111,6.2,27585,0.0,45
998,999,Search Party,"Adventure,Comedy",A pair of friends embark on a mission to reunite their pal with the woman he was going to marry.,Scot Armstrong,"Adam Pally, T.J. Miller, Thomas Middleditch,Shannon Woodward",2014,93,5.6,4881,0.0,22
